[{"assetType":"PolicyAction","assetObject":{"name":"Policy Action [Conditional Error Processing] -> Policy For API TransactionOutbound[1.1]","id":"ac1d6f49-b4e4-4a30-8c15-f3d6638ce110","status":"Success","explanation":"OK","warning":false}},{"assetType":"API","assetObject":{"name":"TransactionOutbound[1.1]","id":"c5ac017f-cd5c-43f2-87b2-24a128a79c1e","status":"Success","explanation":"OK","warning":false}},{"assetType":"PolicyAction","assetObject":{"name":"Policy Action [Invoke webMethods IS] -> Policy For API TransactionOutbound[1.1]","id":"28285852-0871-4ec5-b9c7-b67c594a1a3d","status":"Success","explanation":"OK","warning":false}},{"assetType":"RegisteredApplication","assetObject":{"name":"RegisteredApplication [ EmptyRegisteredApplication ]","id":"EmptyRegisteredApplication","status":"Success","explanation":"OK","warning":false}},{"assetType":"Policy","assetObject":{"name":"Policy For API TransactionOutbound[1.1]","id":"3192b843-c56f-4f5a-895e-b9117112df3e","status":"Success","explanation":"OK","warning":false}},{"assetType":"PolicyAction","assetObject":{"name":"Policy Action [Enable HTTP / HTTPS] -> Policy For API TransactionOutbound[1.1]","id":"63470fc5-3da9-4948-821a-c0c8c5b44209","status":"Success","explanation":"OK","warning":false}},{"assetType":"PolicyAction","assetObject":{"name":"Policy Action [Dynamic Routing] -> Policy For API TransactionOutbound[1.1]","id":"246a274e-9102-410a-85b8-98ffefe0f386","status":"Success","explanation":"OK","warning":false}},{"assetType":"PolicyAction","assetObject":{"name":"Policy Action [Invoke webMethods IS] -> Policy For API TransactionOutbound[1.1]","id":"966edcea-1ac9-41ed-b2f5-9bc427d7d4a9","status":"Success","explanation":"OK","warning":false}},{"assetType":"PolicyAction","assetObject":{"name":"Policy Action [Request Transformation] -> Policy For API TransactionOutbound[1.1]","id":"974ff4d9-94b8-49a5-bf59-f2b29279b64d","status":"Success","explanation":"OK","warning":false}},{"assetType":"PolicyAction","assetObject":{"name":"Policy Action [Response Transformation] -> Policy For API TransactionOutbound[1.1]","id":"9c220dce-2989-4adf-8768-2964c2a9a86b","status":"Success","explanation":"OK","warning":false}}]